id,title,price,description,mainImage,thumbnails,colors,waMessage,forMen,forWomen,order,relatedProducts
"origin-emerald","The Origin Tee<br>Emerald Edition","14.90 €","Diseñada estratégicamente para construir la V-Taper perfecta. Color verde esmeralda profundo con el logo central de la marca.","img/muscle-tee-black.jpg","img/muscle-tee-black.jpg","#1a4231|Forest Green|origin-emerald;#121212|Obsidian Black|origin-blackout","Hola equipo BAVU! Vengo de la web y quiero pedir The Origin Tee Emerald Edition.",true,false,100,"origin-blackout;short-black;tank-blackout"
"origin-blackout","The Origin Tee<br>Blackout","14.90 €","Nuestra camiseta fundacional. Construye la V-Taper perfecta ajustándose en pecho y brazos.","img/camiseta-negra.jpg","img/camiseta-negra.jpg","#121212|Obsidian Black|origin-blackout;#1a4231|Forest Green|origin-emerald","Hola equipo BAVU! Vengo de la web y quiero pedir The Origin Tee Blackout.",true,false,90,"origin-emerald;short-grey;thermal-obsidian"
"thermal-obsidian","Thermal Core<br>Pullover Obsidian","13.90 €","Sudadera ligera de rendimiento con cremallera de 1/4. Ideal para calentamientos exigentes y mantener el pump.","img/larga-negra.jpg","img/larga-negra.jpg","#121212|Obsidian Black|thermal-obsidian;#8c8f94|Ash Grey|thermal-ash","Hola equipo BAVU! Me interesa el Thermal Core Pullover Obsidian.",true,false,80,"pump-cover-blackout;origin-blackout"
"short-black","The Foundation Short<br>Jet Black","11.90 €","Pantalón de entrenamiento híbrido. Tejido ligero y fluido para máxima movilidad en días pesados de pierna.","img/pantalones-negros.jpg","img/pantalones-negros.jpg","#000000|Jet Black|short-black;#4b4e53|Iron Grey|short-grey","Buenas! Quería consultar el stock de The Foundation Short Jet Black.",true,false,85,"origin-blackout;socks-white"
"short-grey","The Foundation Short<br>Iron Grey","11.90 €","Pantalón de entrenamiento técnico y versátil. Longitud estética ideal para lucir pierna sin sacrificar comodidad.","img/pantalones-grises.jpg","img/pantalones-grises.jpg","#4b4e53|Iron Grey|short-grey;#000000|Jet Black|short-black","Hola equipo BAVU! Me interesa The Foundation Short Iron Grey.",true,false,84,"origin-emerald;socks-white"
"tank-blackout","Origin Ribbed Tank<br>Blackout","7.90 €","Camiseta de tirantes con tejido acanalado premium. Elasticidad y ajuste óptimo para marcar la espalda y hombros.","img/tirantes.jpg","img/tirantes.jpg","#121212|Obsidian Black|tank-blackout","Buenas! Quería consultar disponibilidad de la Origin Ribbed Tank Blackout.",true,false,75,"short-grey;pump-cover-blackout"
"pump-cover-blackout","Origin Pump Cover<br>Blackout","19.90 €","Sudadera oversize heavyweight. La capa inicial perfecta y gruesa para romper a sudar rápido y ocultar tu físico hasta el momento clave.","img/sudadera.jpg","img/sudadera.jpg","#121212|Obsidian Black|pump-cover-blackout","Hola! Quisiera saber si tenéis stock del Origin Pump Cover Blackout.",true,false,95,"tank-blackout;compression-obsidian"
"compression-obsidian","BAVU Second Skin<br>Obsidian","9.90 €","Camiseta técnica de compresión. Actúa como tu armadura personal, con costuras ranglán que realzan visualmente los hombros.","img/compresion.jpg","img/compresion.jpg","#121212|Obsidian Black|compression-obsidian","Buenas! Quiero pedir la camiseta BAVU Second Skin Obsidian.",true,false,70,"short-black;pump-cover-blackout"
"socks-white","Origin Crew Sock<br>Pure White (3)","8.90 €","Pack de 3 pares. Calcetines estéticos a media pantorrilla con zonas de compresión y tejido de alta densidad para máxima durabilidad.","img/calcetines.jpg","img/calcetines.jpg","#ffffff|Pure White|socks-white","Hola equipo BAVU! Vengo de la web y quiero pedir el pack de calcetines Origin Crew Sock.",true,true,60,"short-black;legging-onyx"
"legging-onyx","Seamless Legging<br>Onyx Black","22.90 €","Mallas de compresión sin costuras con efecto moldeador de alta sujeción. Cintura alta que no se desliza durante las sentadillas pesadas.","img/shortsleeve-black.jpg","img/shortsleeve-black.jpg","#121212|Onyx Black|legging-onyx","Hola BAVU! Me interesan los Seamless Leggings Onyx de mujer.",false,true,100,"bra-onyx;crop-ash"
"bra-onyx","Adapt Sports Bra<br>Onyx Black","16.90 €","Sujetador deportivo de impacto medio-alto con tirantes cruzados ajustables. Espalda descubierta estética para lucir el dorsal.","img/shortsleeve-wine.jpg","img/shortsleeve-wine.jpg","#121212|Onyx Black|bra-onyx","Buenas! Quería consultar stock del Adapt Sports Bra de mujer.",false,true,95,"legging-onyx;crop-ash"
"crop-ash","Origin Crop Top<br>Ash Grey","14.90 €","Crop top de ajuste ceñido fabricado en tejido acanalado ultra elástico. Transpirable, suave y de secado rápido.","img/shortsleeve-lightpurple.jpg","img/shortsleeve-lightpurple.jpg","#8c8f94|Ash Grey|crop-ash","Hola equipo BAVU! Quiero pedir el Origin Crop Top Ash de mujer.",false,true,90,"legging-onyx;bra-onyx"